sno,sna,time,hide,release
500103001,延平國宅,00:00,3,0
500103008,臺北孔廟,00:00,2,0
500103020,民權迪化街口,00:00,8,0
500103021,大稻埕公園,00:00,6,0
500103031,大龍公園,00:00,2,0
500103035,重慶民族路口,00:00,2,0
500103038,國順公園,00:00,2,0
500103058,樹德公園_1,00:00,6,0
500103061,雙蓮國小,00:00,1,0
500103063,延平涼州街口,00:00,1,0
500103064,大同行政中心,00:00,1,0
500103066,南京西寧北路口(西北側),00:00,2,0
500103068,哈密街23巷19弄口,00:00,3,0
500103073,民族西大龍街口,00:00,2,0
500103006,樹德公園,00:30,1,0
500103020,民權迪化街口,00:30,0,1
500103021,大稻埕公園,00:30,0,3
500103031,大龍公園,00:30,0,1
500103032,重慶涼州街口,00:30,1,0
500103035,重慶民族路口,00:30,2,0
500103045,歸綏戲曲公園,00:30,1,0
500103048,南京太原路口,00:30,1,0
500103058,樹德公園_1,00:30,1,0
500103062,寧夏涼州街口,00:30,1,0
500103064,大同行政中心,00:30,1,0
500103065,大龍市場,00:30,2,0
500103070,重慶北路三段205巷口,00:30,1,0
500103073,民族西大龍街口,00:30,0,1
500103001,延平國宅,01:00,8,0
500103002,臺北市立圖書館大同分館,01:00,6,0
500103003,合昌宮,01:00,1,0
500103005,重慶酒泉街口,01:00,5,0
500103006,樹德公園,01:00,3,0
500103007,陳天來故居,01:00,1,0
500103008,臺北孔廟,01:00,6,0
500103010,酒泉延平路口,01:00,9,0
500103011,重慶國中,01:00,5,0
500103012,重慶北路三段383巷口,01:00,5,0
500103013,台北數位產業園區,01:00,1,0
500103019,民權延平路口(西北側),01:00,4,0
500103020,民權迪化街口,01:00,9,0
500103021,大稻埕公園,01:00,7,0
500103022,大龍老人住宅,01:00,3,0
500103024,捷運大橋頭站(2號出口),01:00,7,0
500103025,捷運大橋頭站(1A出口),01:00,3,0
500103028,捷運北門站(3號出口),01:00,2,0
500103029,朝陽公園,01:00,3,0
500103030,永樂市場,01:00,3,0
500103031,大龍公園,01:00,7,0
500103032,重慶涼州街口,01:00,1,0
500103034,圓環站,01:00,2,0
500103035,重慶民族路口,01:00,3,0
500103038,國順公園,01:00,1,0
500103039,聯合醫院中興院區,01:00,3,0
500103040,蔣渭水紀念公園,01:00,10,0
500103041,迪化休閒運動公園,01:00,1,0
500103043,重慶保安街口(家樂福重慶店),01:00,4,0
500103045,歸綏戲曲公園,01:00,5,0
500103046,民權國中(民權西路),01:00,1,0
500103047,承德民權路口,01:00,1,0
500103048,南京太原路口,01:00,1,0
500103050,太原五原路口,01:00,6,0
500103056,大同16號廣場,01:00,2,0
500103058,樹德公園_1,01:00,3,0
500103061,雙蓮國小,01:00,3,0
500103062,寧夏涼州街口,01:00,4,0
500103063,延平涼州街口,01:00,1,0
500103064,大同行政中心,01:00,2,0
500103065,大龍市場,01:00,1,0
500103068,哈密街23巷19弄口,01:00,5,0
500103070,重慶北路三段205巷口,01:00,3,0
500103072,酒泉庫倫街口,01:00,2,0
500103073,民族西大龍街口,01:00,4,0
500103074,承德路三段324巷口,01:00,1,0
500103076,玉泉公園(忠孝西路),01:00,1,0
500103006,樹德公園,01:30,0,2
500103007,陳天來故居,01:30,1,0
500103011,重慶國中,01:30,1,0
500103021,大稻埕公園,01:30,0,1
500103028,捷運北門站(3號出口),01:30,2,0
500103030,永樂市場,01:30,1,0
500103041,迪化休閒運動公園,01:30,1,0
500103045,歸綏戲曲公園,01:30,0,1
500103047,承德民權路口,01:30,1,0
500103050,太原五原路口,01:30,0,1
500103058,樹德公園_1,01:30,1,0
500103069,民權西路160巷口,01:30,1,0
500103072,酒泉庫倫街口,01:30,2,0
500103002,臺北市立圖書館大同分館,02:00,1,0
500103005,重慶酒泉街口,02:00,0,1
500103006,樹德公園,02:00,1,0
500103008,臺北孔廟,02:00,1,0
500103010,酒泉延平路口,02:00,0,2
500103011,重慶國中,02:00,0,3
500103012,重慶北路三段383巷口,02:00,0,1
500103019,民權延平路口(西北側),02:00,2,0
500103021,大稻埕公園,02:00,1,0
500103022,大龍老人住宅,02:00,0,1
500103024,捷運大橋頭站(2號出口),02:00,2,0
500103028,捷運北門站(3號出口),02:00,0,2
500103029,朝陽公園,02:00,0,1
500103031,大龍公園,02:00,1,0
500103032,重慶涼州街口,02:00,1,0
500103034,圓環站,02:00,0,1
500103035,重慶民族路口,02:00,2,0
500103039,聯合醫院中興院區,02:00,5,0
500103043,重慶保安街口(家樂福重慶店),02:00,0,1
500103044,大稻埕碼頭,02:00,1,0
500103045,歸綏戲曲公園,02:00,0,1
500103047,承德民權路口,02:00,2,0
500103048,南京太原路口,02:00,6,0
500103050,太原五原路口,02:00,5,0
500103053,捷運中山站(5號出口),02:00,2,0
500103054,重慶長安路口,02:00,3,0
500103058,樹德公園_1,02:00,0,2
500103061,雙蓮國小,02:00,1,0
500103063,延平涼州街口,02:00,0,1
500103064,大同行政中心,02:00,0,1
500103065,大龍市場,02:00,1,0
500103066,南京西寧北路口(西北側),02:00,2,0
500103068,哈密街23巷19弄口,02:00,0,1
500103070,重慶北路三段205巷口,02:00,0,2
500103071,承德路二段91巷口,02:00,1,0
500103072,酒泉庫倫街口,02:00,1,0
500103073,民族西大龍街口,02:00,0,1
500103002,臺北市立圖書館大同分館,02:30,2,0
500103005,重慶酒泉街口,02:30,2,0
500103006,樹德公園,02:30,0,1
500103010,酒泉延平路口,02:30,3,0
500103011,重慶國中,02:30,2,0
500103012,重慶北路三段383巷口,02:30,1,0
500103019,民權延平路口(西北側),02:30,0,2
500103021,大稻埕公園,02:30,0,1
500103022,大龍老人住宅,02:30,1,0
500103024,捷運大橋頭站(2號出口),02:30,0,2
500103025,捷運大橋頭站(1A出口),02:30,2,0
500103028,捷運北門站(3號出口),02:30,1,0
500103030,永樂市場,02:30,1,0
500103032,重慶涼州街口,02:30,0,1
500103035,重慶民族路口,02:30,0,1
500103039,聯合醫院中興院區,02:30,0,4
500103043,重慶保安街口(家樂福重慶店),02:30,1,0
500103045,歸綏戲曲公園,02:30,1,0
500103046,民權國中(民權西路),02:30,1,0
500103047,承德民權路口,02:30,0,2
500103048,南京太原路口,02:30,0,3
500103050,太原五原路口,02:30,0,5
500103053,捷運中山站(5號出口),02:30,0,1
500103054,重慶長安路口,02:30,0,1
500103058,樹德公園_1,02:30,2,0
500103060,成淵高中,02:30,1,0
500103061,雙蓮國小,02:30,0,1
500103064,大同行政中心,02:30,1,0
500103065,大龍市場,02:30,0,1
500103066,南京西寧北路口(西北側),02:30,0,1
500103068,哈密街23巷19弄口,02:30,1,0
500103070,重慶北路三段205巷口,02:30,2,0
500103072,酒泉庫倫街口,02:30,0,1
500103073,民族西大龍街口,02:30,1,0
500103074,承德路三段324巷口,02:30,1,0
500103002,臺北市立圖書館大同分館,03:00,2,0
500103003,合昌宮,03:00,1,0
500103006,樹德公園,03:00,1,0
500103013,台北數位產業園區,03:00,1,0
500103021,大稻埕公園,03:00,0,1
500103024,捷運大橋頭站(2號出口),03:00,0,1
500103025,捷運大橋頭站(1A出口),03:00,0,1
500103028,捷運北門站(3號出口),03:00,5,0
500103030,永樂市場,03:00,0,2
500103031,大龍公園,03:00,1,0
500103034,圓環站,03:00,1,0
500103039,聯合醫院中興院區,03:00,0,2
500103040,蔣渭水紀念公園,03:00,2,0
500103041,迪化休閒運動公園,03:00,0,1
500103043,重慶保安街口(家樂福重慶店),03:00,1,0
500103045,歸綏戲曲公園,03:00,2,0
500103047,承德民權路口,03:00,0,1
500103048,南京太原路口,03:00,0,2
500103056,大同16號廣場,03:00,1,0
500103064,大同行政中心,03:00,1,0
500103066,南京西寧北路口(西北側),03:00,0,1
500103068,哈密街23巷19弄口,03:00,1,0
500103070,重慶北路三段205巷口,03:00,1,0
500103073,民族西大龍街口,03:00,1,0
500103002,臺北市立圖書館大同分館,03:30,2,0
500103010,酒泉延平路口,03:30,0,5
500103011,重慶國中,03:30,0,2
500103019,民權延平路口(西北側),03:30,1,0
500103024,捷運大橋頭站(2號出口),03:30,2,0
500103028,捷運北門站(3號出口),03:30,0,3
500103031,大龍公園,03:30,1,0
500103034,圓環站,03:30,2,0
500103039,聯合醫院中興院區,03:30,2,0
500103040,蔣渭水紀念公園,03:30,1,0
500103043,重慶保安街口(家樂福重慶店),03:30,0,1
500103047,承德民權路口,03:30,1,0
500103048,南京太原路口,03:30,2,0
500103050,太原五原路口,03:30,2,0
500103064,大同行政中心,03:30,0,1
500103066,南京西寧北路口(西北側),03:30,1,0
500103068,哈密街23巷19弄口,03:30,0,1
500103070,重慶北路三段205巷口,03:30,0,1
500103002,臺北市立圖書館大同分館,04:00,1,0
500103009,捷運圓山站(1號出口),04:00,4,0
500103010,酒泉延平路口,04:00,0,2
500103011,重慶國中,04:00,0,1
500103019,民權延平路口(西北側),04:00,0,1
500103021,大稻埕公園,04:00,0,3
500103022,大龍老人住宅,04:00,1,0
500103025,捷運大橋頭站(1A出口),04:00,1,0
500103028,捷運北門站(3號出口),04:00,4,0
500103029,朝陽公園,04:00,0,1
500103030,永樂市場,04:00,0,1
500103031,大龍公園,04:00,1,0
500103034,圓環站,04:00,1,0
500103039,聯合醫院中興院區,04:00,0,1
500103043,重慶保安街口(家樂福重慶店),04:00,2,0
500103045,歸綏戲曲公園,04:00,0,1
500103047,承德民權路口,04:00,0,1
500103050,太原五原路口,04:00,0,1
500103052,捷運民權西路站(3號出口),04:00,2,0
500103058,樹德公園_1,04:00,2,0
500103063,延平涼州街口,04:00,1,0
500103065,大龍市場,04:00,0,1
500103066,南京西寧北路口(西北側),04:00,0,1
500103068,哈密街23巷19弄口,04:00,1,0
500103070,重慶北路三段205巷口,04:00,1,0
500103002,臺北市立圖書館大同分館,04:30,0,1
500103009,捷運圓山站(1號出口),04:30,1,0
500103011,重慶國中,04:30,0,1
500103024,捷運大橋頭站(2號出口),04:30,3,0
500103026,捷運民權西路站(2號出口),04:30,1,0
500103028,捷運北門站(3號出口),04:30,0,3
500103030,永樂市場,04:30,0,1
500103031,大龍公園,04:30,0,2
500103034,圓環站,04:30,2,0
500103039,聯合醫院中興院區,04:30,0,1
500103043,重慶保安街口(家樂福重慶店),04:30,0,1
500103045,歸綏戲曲公園,04:30,1,0
500103048,南京太原路口,04:30,1,0
500103052,捷運民權西路站(3號出口),04:30,2,0
500103058,樹德公園_1,04:30,0,1
500103060,成淵高中,04:30,1,0
500103063,延平涼州街口,04:30,0,1
500103002,臺北市立圖書館大同分館,05:00,2,0
500103007,陳天來故居,05:00,0,1
500103009,捷運圓山站(1號出口),05:00,5,0
500103010,酒泉延平路口,05:00,0,1
500103012,重慶北路三段383巷口,05:00,1,0
500103013,台北數位產業園區,05:00,1,0
500103021,大稻埕公園,05:00,0,2
500103022,大龍老人住宅,05:00,1,0
500103024,捷運大橋頭站(2號出口),05:00,2,0
500103028,捷運北門站(3號出口),05:00,6,0
500103031,大龍公園,05:00,1,0
500103032,重慶涼州街口,05:00,0,1
500103035,重慶民族路口,05:00,0,1
500103037,太原廣場,05:00,3,0
500103039,聯合醫院中興院區,05:00,0,1
500103040,蔣渭水紀念公園,05:00,0,1
500103043,重慶保安街口(家樂福重慶店),05:00,2,0
500103046,民權國中(民權西路),05:00,1,0
500103048,南京太原路口,05:00,0,2
500103052,捷運民權西路站(3號出口),05:00,0,2
500103058,樹德公園_1,05:00,1,0
500103064,大同行政中心,05:00,1,0
500103066,南京西寧北路口(西北側),05:00,1,0
500103069,民權西路160巷口,05:00,1,0
500103070,重慶北路三段205巷口,05:00,1,0
500103072,酒泉庫倫街口,05:00,0,1
500103074,承德路三段324巷口,05:00,0,1
500103001,延平國宅,05:30,0,2
500103002,臺北市立圖書館大同分館,05:30,0,3
500103003,合昌宮,05:30,0,1
500103005,重慶酒泉街口,05:30,0,1
500103006,樹德公園,05:30,0,1
500103009,捷運圓山站(1號出口),05:30,0,3
500103012,重慶北路三段383巷口,05:30,0,1
500103013,台北數位產業園區,05:30,0,1
500103021,大稻埕公園,05:30,1,0
500103022,大龍老人住宅,05:30,0,2
500103027,捷運雙連站(2號出口),05:30,2,0
500103028,捷運北門站(3號出口),05:30,0,6
500103031,大龍公園,05:30,0,2
500103037,太原廣場,05:30,0,1
500103039,聯合醫院中興院區,05:30,1,0
500103040,蔣渭水紀念公園,05:30,0,3
500103043,重慶保安街口(家樂福重慶店),05:30,0,3
500103045,歸綏戲曲公園,05:30,1,0
500103046,民權國中(民權西路),05:30,0,1
500103048,南京太原路口,05:30,2,0
500103050,太原五原路口,05:30,1,0
500103051,臺北轉運站(華陰街),05:30,1,0
500103052,捷運民權西路站(3號出口),05:30,2,0
500103058,樹德公園_1,05:30,0,2
500103064,大同行政中心,05:30,0,2
500103065,大龍市場,05:30,0,1
500103068,哈密街23巷19弄口,05:30,0,1
500103070,重慶北路三段205巷口,05:30,0,1
500103071,承德路二段91巷口,05:30,1,0
500103072,酒泉庫倫街口,05:30,1,0
500103073,民族西大龍街口,05:30,0,1
500103005,重慶酒泉街口,06:00,0,2
500103006,樹德公園,06:00,0,1
500103009,捷運圓山站(1號出口),06:00,11,0
500103021,大稻埕公園,06:00,0,2
500103024,捷運大橋頭站(2號出口),06:00,1,0
500103025,捷運大橋頭站(1A出口),06:00,1,0
500103026,捷運民權西路站(2號出口),06:00,1,0
500103027,捷運雙連站(2號出口),06:00,1,0
500103028,捷運北門站(3號出口),06:00,4,0
500103034,圓環站,06:00,0,2
500103035,重慶民族路口,06:00,0,1
500103037,太原廣場,06:00,1,0
500103038,國順公園,06:00,0,1
500103039,聯合醫院中興院區,06:00,0,1
500103042,大同運動中心,06:00,2,0
500103043,重慶保安街口(家樂福重慶店),06:00,0,1
500103045,歸綏戲曲公園,06:00,0,1
500103048,南京太原路口,06:00,0,2
500103051,臺北轉運站(華陰街),06:00,2,0
500103052,捷運民權西路站(3號出口),06:00,0,2
500103053,捷運中山站(5號出口),06:00,2,0
500103054,重慶長安路口,06:00,0,1
500103056,大同16號廣場,06:00,0,1
500103058,樹德公園_1,06:00,0,1
500103060,成淵高中,06:00,1,0
500103061,雙蓮國小,06:00,0,1
500103071,承德路二段91巷口,06:00,0,1
500103072,酒泉庫倫街口,06:00,0,1
500103075,玉泉公園(鄭州路),06:00,1,0
500103001,延平國宅,06:30,0,4
500103002,臺北市立圖書館大同分館,06:30,0,5
500103005,重慶酒泉街口,06:30,0,1
500103008,臺北孔廟,06:30,0,2
500103009,捷運圓山站(1號出口),06:30,5,0
500103010,酒泉延平路口,06:30,1,0
500103019,民權延平路口(西北側),06:30,0,1
500103020,民權迪化街口,06:30,0,1
500103021,大稻埕公園,06:30,0,1
500103022,大龍老人住宅,06:30,0,1
500103024,捷運大橋頭站(2號出口),06:30,1,0
500103026,捷運民權西路站(2號出口),06:30,1,0
500103027,捷運雙連站(2號出口),06:30,4,0
500103028,捷運北門站(3號出口),06:30,1,0
500103031,大龍公園,06:30,0,1
500103034,圓環站,06:30,0,2
500103035,重慶民族路口,06:30,0,3
500103038,國順公園,06:30,0,1
500103041,迪化休閒運動公園,06:30,1,0
500103042,大同運動中心,06:30,3,0
500103043,重慶保安街口(家樂福重慶店),06:30,0,1
500103045,歸綏戲曲公園,06:30,0,2
500103047,承德民權路口,06:30,1,0
500103048,南京太原路口,06:30,0,2
500103050,太原五原路口,06:30,0,3
500103051,臺北轉運站(華陰街),06:30,1,0
500103053,捷運中山站(5號出口),06:30,1,0
500103054,重慶長安路口,06:30,1,0
500103056,大同16號廣場,06:30,0,1
500103058,樹德公園_1,06:30,0,2
500103059,承德鄭州路口(市民高架下),06:30,3,0
500103060,成淵高中,06:30,0,1
500103066,南京西寧北路口(西北側),06:30,0,1
500103069,民權西路160巷口,06:30,1,0
500103070,重慶北路三段205巷口,06:30,0,1
500103072,酒泉庫倫街口,06:30,1,0
500103074,承德路三段324巷口,06:30,1,0
500103001,延平國宅,07:00,0,1
500103002,臺北市立圖書館大同分館,07:00,0,2
500103005,重慶酒泉街口,07:00,0,1
500103008,臺北孔廟,07:00,0,3
500103009,捷運圓山站(1號出口),07:00,6,0
500103010,酒泉延平路口,07:00,0,1
500103011,重慶國中,07:00,9,0
500103012,重慶北路三段383巷口,07:00,0,2
500103013,台北數位產業園區,07:00,0,1
500103020,民權迪化街口,07:00,0,2
500103022,大龍老人住宅,07:00,0,1
500103024,捷運大橋頭站(2號出口),07:00,3,0
500103025,捷運大橋頭站(1A出口),07:00,1,0
500103027,捷運雙連站(2號出口),07:00,3,0
500103028,捷運北門站(3號出口),07:00,1,0
500103031,大龍公園,07:00,0,3
500103034,圓環站,07:00,0,1
500103035,重慶民族路口,07:00,0,1
500103037,太原廣場,07:00,1,0
500103039,聯合醫院中興院區,07:00,5,0
500103040,蔣渭水紀念公園,07:00,0,1
500103042,大同運動中心,07:00,1,0
500103043,重慶保安街口(家樂福重慶店),07:00,0,1
500103045,歸綏戲曲公園,07:00,0,2
500103047,承德民權路口,07:00,1,0
500103048,南京太原路口,07:00,0,1
500103050,太原五原路口,07:00,0,2
500103051,臺北轉運站(華陰街),07:00,0,1
500103054,重慶長安路口,07:00,0,1
500103058,樹德公園_1,07:00,0,4
500103060,成淵高中,07:00,1,0
500103062,寧夏涼州街口,07:00,0,2
500103064,大同行政中心,07:00,0,1
500103066,南京西寧北路口(西北側),07:00,0,1
500103068,哈密街23巷19弄口,07:00,1,0
500103069,民權西路160巷口,07:00,0,1
500103070,重慶北路三段205巷口,07:00,0,2
500103072,酒泉庫倫街口,07:00,0,1
500103073,民族西大龍街口,07:00,0,1
500103074,承德路三段324巷口,07:00,0,1
500103075,玉泉公園(鄭州路),07:00,1,0
500103002,臺北市立圖書館大同分館,07:30,0,1
500103008,臺北孔廟,07:30,0,2
500103010,酒泉延平路口,07:30,0,1
500103011,重慶國中,07:30,5,0
500103012,重慶北路三段383巷口,07:30,0,1
500103019,民權延平路口(西北側),07:30,0,1
500103020,民權迪化街口,07:30,0,3
500103024,捷運大橋頭站(2號出口),07:30,0,3
500103027,捷運雙連站(2號出口),07:30,2,0
500103028,捷運北門站(3號出口),07:30,3,0
500103034,圓環站,07:30,0,1
500103035,重慶民族路口,07:30,0,1
500103036,承德路三段8巷口,07:30,2,0
500103039,聯合醫院中興院區,07:30,1,0
500103045,歸綏戲曲公園,07:30,1,0
500103046,民權國中(民權西路),07:30,1,0
500103047,承德民權路口,07:30,2,0
500103050,太原五原路口,07:30,0,1
500103053,捷運中山站(5號出口),07:30,3,0
500103058,樹德公園_1,07:30,0,2
500103059,承德鄭州路口(市民高架下),07:30,3,0
500103060,成淵高中,07:30,2,0
500103062,寧夏涼州街口,07:30,0,1
500103064,大同行政中心,07:30,0,1
500103068,哈密街23巷19弄口,07:30,0,1
500103070,重慶北路三段205巷口,07:30,0,1
500103073,民族西大龍街口,07:30,0,1
500103075,玉泉公園(鄭州路),07:30,1,0
500103078,明倫高中,07:30,1,0
500103001,延平國宅,09:00,1,0
500103002,臺北市立圖書館大同分館,09:00,0,1
500103008,臺北孔廟,09:00,0,1
500103009,捷運圓山站(1號出口),09:00,0,8
500103011,重慶國中,09:00,2,0
500103012,重慶北路三段383巷口,09:00,0,1
500103013,台北數位產業園區,09:00,1,0
500103019,民權延平路口(西北側),09:00,0,1
500103020,民權迪化街口,09:00,0,5
500103024,捷運大橋頭站(2號出口),09:00,0,7
500103025,捷運大橋頭站(1A出口),09:00,0,3
500103026,捷運民權西路站(2號出口),09:00,10,0
500103027,捷運雙連站(2號出口),09:00,2,0
500103028,捷運北門站(3號出口),09:00,2,0
500103030,永樂市場,09:00,11,0
500103031,大龍公園,09:00,0,2
500103036,承德路三段8巷口,09:00,2,0
500103037,太原廣場,09:00,0,2
500103039,聯合醫院中興院區,09:00,6,0
500103040,蔣渭水紀念公園,09:00,0,4
500103042,大同運動中心,09:00,0,3
500103045,歸綏戲曲公園,09:00,0,1
500103046,民權國中(民權西路),09:00,0,1
500103047,承德民權路口,09:00,14,0
500103051,臺北轉運站(華陰街),09:00,7,0
500103052,捷運民權西路站(3號出口),09:00,9,0
500103053,捷運中山站(5號出口),09:00,3,0
500103058,樹德公園_1,09:00,0,1
500103059,承德鄭州路口(市民高架下),09:00,0,3
500103060,成淵高中,09:00,5,0
500103062,寧夏涼州街口,09:00,2,0
500103068,哈密街23巷19弄口,09:00,0,4
500103069,民權西路160巷口,09:00,0,1
500103071,承德路二段91巷口,09:00,8,0
500103072,酒泉庫倫街口,09:00,0,1
500103073,民族西大龍街口,09:00,0,1
500103074,承德路三段324巷口,09:00,5,0
500103075,玉泉公園(鄭州路),09:00,6,0
500103076,玉泉公園(忠孝西路),09:00,2,0
500103078,明倫高中,09:00,3,0
500103001,延平國宅,09:30,0,2
500103002,臺北市立圖書館大同分館,09:30,0,1
500103004,民族延平路口,09:30,1,0
500103009,捷運圓山站(1號出口),09:30,17,0
500103011,重慶國中,09:30,0,2
500103019,民權延平路口(西北側),09:30,2,0
500103020,民權迪化街口,09:30,0,2
500103024,捷運大橋頭站(2號出口),09:30,0,4
500103025,捷運大橋頭站(1A出口),09:30,0,2
500103026,捷運民權西路站(2號出口),09:30,0,6
500103027,捷運雙連站(2號出口),09:30,4,0
500103028,捷運北門站(3號出口),09:30,0,8
500103030,永樂市場,09:30,0,6
500103031,大龍公園,09:30,0,1
500103034,圓環站,09:30,1,0
500103037,太原廣場,09:30,0,1
500103039,聯合醫院中興院區,09:30,0,5
500103040,蔣渭水紀念公園,09:30,0,2
500103042,大同運動中心,09:30,4,0
500103043,重慶保安街口(家樂福重慶店),09:30,3,0
500103047,承德民權路口,09:30,0,6
500103049,承德民生西路口,09:30,4,0
500103051,臺北轉運站(華陰街),09:30,0,5
500103052,捷運民權西路站(3號出口),09:30,0,5
500103053,捷運中山站(5號出口),09:30,0,4
500103055,承德昌吉街口,09:30,3,0
500103060,成淵高中,09:30,0,5
500103061,雙蓮國小,09:30,0,1
500103062,寧夏涼州街口,09:30,0,2
500103068,哈密街23巷19弄口,09:30,0,2
500103069,民權西路160巷口,09:30,1,0
500103070,重慶北路三段205巷口,09:30,2,0
500103071,承德路二段91巷口,09:30,0,4
500103072,酒泉庫倫街口,09:30,0,1
500103073,民族西大龍街口,09:30,0,1
500103074,承德路三段324巷口,09:30,0,3
500103075,玉泉公園(鄭州路),09:30,0,4
500103076,玉泉公園(忠孝西路),09:30,0,1
500103002,臺北市立圖書館大同分館,10:00,4,0
500103009,捷運圓山站(1號出口),10:00,0,19
500103011,重慶國中,10:00,0,2
500103019,民權延平路口(西北側),10:00,1,0
500103024,捷運大橋頭站(2號出口),10:00,0,2
500103025,捷運大橋頭站(1A出口),10:00,6,0
500103026,捷運民權西路站(2號出口),10:00,6,0
500103027,捷運雙連站(2號出口),10:00,0,9
500103028,捷運北門站(3號出口),10:00,0,1
500103030,永樂市場,10:00,0,3
500103031,大龍公園,10:00,2,0
500103039,聯合醫院中興院區,10:00,0,4
500103040,蔣渭水紀念公園,10:00,0,1
500103041,迪化休閒運動公園,10:00,0,1
500103042,大同運動中心,10:00,0,3
500103045,歸綏戲曲公園,10:00,3,0
500103047,承德民權路口,10:00,0,6
500103048,南京太原路口,10:00,2,0
500103049,承德民生西路口,10:00,0,1
500103050,太原五原路口,10:00,1,0
500103051,臺北轉運站(華陰街),10:00,1,0
500103052,捷運民權西路站(3號出口),10:00,0,3
500103053,捷運中山站(5號出口),10:00,0,3
500103055,承德昌吉街口,10:00,0,1
500103058,樹德公園_1,10:00,5,0
500103059,承德鄭州路口(市民高架下),10:00,9,0
500103060,成淵高中,10:00,7,0
500103061,雙蓮國小,10:00,0,1
500103062,寧夏涼州街口,10:00,0,1
500103063,延平涼州街口,10:00,1,0
500103064,大同行政中心,10:00,1,0
500103068,哈密街23巷19弄口,10:00,0,1
500103069,民權西路160巷口,10:00,3,0
500103070,重慶北路三段205巷口,10:00,2,0
500103071,承德路二段91巷口,10:00,0,2
500103074,承德路三段324巷口,10:00,1,0
500103075,玉泉公園(鄭州路),10:00,0,2
500103078,明倫高中,10:00,0,2
500103001,延平國宅,10:30,0,1
500103002,臺北市立圖書館大同分館,10:30,0,3
500103009,捷運圓山站(1號出口),10:30,0,7
500103013,台北數位產業園區,10:30,0,1
500103019,民權延平路口(西北側),10:30,0,2
500103020,民權迪化街口,10:30,0,1
500103024,捷運大橋頭站(2號出口),10:30,0,1
500103025,捷運大橋頭站(1A出口),10:30,0,4
500103026,捷運民權西路站(2號出口),10:30,0,6
500103027,捷運雙連站(2號出口),10:30,8,0
500103028,捷運北門站(3號出口),10:30,0,4
500103030,永樂市場,10:30,0,1
500103031,大龍公園,10:30,0,2
500103034,圓環站,10:30,0,1
500103036,承德路三段8巷口,10:30,0,2
500103037,太原廣場,10:30,4,0
500103039,聯合醫院中興院區,10:30,10,0
500103042,大同運動中心,10:30,0,1
500103043,重慶保安街口(家樂福重慶店),10:30,0,1
500103044,大稻埕碼頭,10:30,1,0
500103046,民權國中(民權西路),10:30,0,1
500103047,承德民權路口,10:30,9,0
500103048,南京太原路口,10:30,1,0
500103050,太原五原路口,10:30,0,1
500103051,臺北轉運站(華陰街),10:30,0,2
500103052,捷運民權西路站(3號出口),10:30,11,0
500103053,捷運中山站(5號出口),10:30,3,0
500103059,承德鄭州路口(市民高架下),10:30,0,6
500103060,成淵高中,10:30,0,6
500103061,雙蓮國小,10:30,1,0
500103069,民權西路160巷口,10:30,0,2
500103070,重慶北路三段205巷口,10:30,0,2
500103074,承德路三段324巷口,10:30,0,1
500103076,玉泉公園(忠孝西路),10:30,0,1
500103001,延平國宅,11:00,0,1
500103002,臺北市立圖書館大同分館,11:00,0,1
500103009,捷運圓山站(1號出口),11:00,17,0
500103011,重慶國中,11:00,13,0
500103019,民權延平路口(西北側),11:00,0,1
500103020,民權迪化街口,11:00,0,1
500103023,大龍峒社會住宅,11:00,5,0
500103027,捷運雙連站(2號出口),11:00,0,8
500103030,永樂市場,11:00,5,0
500103031,大龍公園,11:00,0,1
500103033,圓山線形公園,11:00,3,0
500103036,承德路三段8巷口,11:00,5,0
500103037,太原廣場,11:00,0,2
500103039,聯合醫院中興院區,11:00,0,7
500103041,迪化休閒運動公園,11:00,3,0
500103042,大同運動中心,11:00,0,1
500103043,重慶保安街口(家樂福重慶店),11:00,0,1
500103044,大稻埕碼頭,11:00,0,1
500103045,歸綏戲曲公園,11:00,0,3
500103047,承德民權路口,11:00,0,8
500103048,南京太原路口,11:00,0,2
500103049,承德民生西路口,11:00,0,1
500103051,臺北轉運站(華陰街),11:00,4,0
500103052,捷運民權西路站(3號出口),11:00,0,7
500103053,捷運中山站(5號出口),11:00,3,0
500103055,承德昌吉街口,11:00,0,1
500103058,樹德公園_1,11:00,0,3
500103059,承德鄭州路口(市民高架下),11:00,0,2
500103061,雙蓮國小,11:00,0,1
500103063,延平涼州街口,11:00,0,1
500103064,大同行政中心,11:00,0,1
500103069,民權西路160巷口,11:00,0,1
500103070,重慶北路三段205巷口,11:00,2,0
500103071,承德路二段91巷口,11:00,2,0
500103074,承德路三段324巷口,11:00,0,1
500103075,玉泉公園(鄭州路),11:00,0,1
500103078,明倫高中,11:00,3,0
500103002,臺北市立圖書館大同分館,11:30,0,1
500103005,重慶酒泉街口,11:30,2,0
500103009,捷運圓山站(1號出口),11:30,7,0
500103011,重慶國中,11:30,0,11
500103023,大龍峒社會住宅,11:30,0,1
500103024,捷運大橋頭站(2號出口),11:30,1,0
500103025,捷運大橋頭站(1A出口),11:30,0,1
500103026,捷運民權西路站(2號出口),11:30,0,3
500103027,捷運雙連站(2號出口),11:30,8,0
500103028,捷運北門站(3號出口),11:30,0,2
500103033,圓山線形公園,11:30,0,1
500103037,太原廣場,11:30,1,0
500103039,聯合醫院中興院區,11:30,1,0
500103041,迪化休閒運動公園,11:30,0,2
500103042,大同運動中心,11:30,3,0
500103044,大稻埕碼頭,11:30,1,0
500103045,歸綏戲曲公園,11:30,0,1
500103047,承德民權路口,11:30,0,1
500103048,南京太原路口,11:30,1,0
500103049,承德民生西路口,11:30,4,0
500103051,臺北轉運站(華陰街),11:30,0,2
500103052,捷運民權西路站(3號出口),11:30,0,2
500103053,捷運中山站(5號出口),11:30,0,1
500103055,承德昌吉街口,11:30,3,0
500103058,樹德公園_1,11:30,0,1
500103059,承德鄭州路口(市民高架下),11:30,0,2
500103060,成淵高中,11:30,0,3
500103069,民權西路160巷口,11:30,0,1
500103070,重慶北路三段205巷口,11:30,0,2
500103078,明倫高中,11:30,0,2
500103009,捷運圓山站(1號出口),12:00,0,5
500103011,重慶國中,12:00,3,0
500103023,大龍峒社會住宅,12:00,0,2
500103024,捷運大橋頭站(2號出口),12:00,0,1
500103026,捷運民權西路站(2號出口),12:00,1,0
500103027,捷運雙連站(2號出口),12:00,0,5
500103028,捷運北門站(3號出口),12:00,0,1
500103030,永樂市場,12:00,5,0
500103036,承德路三段8巷口,12:00,1,0
500103037,太原廣場,12:00,0,2
500103039,聯合醫院中興院區,12:00,0,4
500103041,迪化休閒運動公園,12:00,0,1
500103042,大同運動中心,12:00,1,0
500103043,重慶保安街口(家樂福重慶店),12:00,0,1
500103044,大稻埕碼頭,12:00,0,1
500103045,歸綏戲曲公園,12:00,0,1
500103047,承德民權路口,12:00,0,2
500103049,承德民生西路口,12:00,0,3
500103053,捷運中山站(5號出口),12:00,0,2
500103055,承德昌吉街口,12:00,0,2
500103058,樹德公園_1,12:00,0,1
500103059,承德鄭州路口(市民高架下),12:00,0,1
500103060,成淵高中,12:00,1,0
500103070,重慶北路三段205巷口,12:00,1,0
500103005,重慶酒泉街口,12:30,0,1
500103009,捷運圓山站(1號出口),12:30,6,0
500103011,重慶國中,12:30,3,0
500103023,大龍峒社會住宅,12:30,2,0
500103024,捷運大橋頭站(2號出口),12:30,1,0
500103026,捷運民權西路站(2號出口),12:30,0,2
500103030,永樂市場,12:30,0,2
500103033,圓山線形公園,12:30,0,1
500103036,承德路三段8巷口,12:30,0,2
500103037,太原廣場,12:30,1,0
500103039,聯合醫院中興院區,12:30,0,2
500103042,大同運動中心,12:30,0,1
500103043,重慶保安街口(家樂福重慶店),12:30,1,0
500103047,承德民權路口,12:30,0,2
500103048,南京太原路口,12:30,0,1
500103051,臺北轉運站(華陰街),12:30,0,3
500103053,捷運中山站(5號出口),12:30,1,0
500103070,重慶北路三段205巷口,12:30,0,1
500103071,承德路二段91巷口,12:30,1,0
500103074,承德路三段324巷口,12:30,0,1
500103005,重慶酒泉街口,13:00,0,1
500103009,捷運圓山站(1號出口),13:00,1,0
500103011,重慶國中,13:00,2,0
500103024,捷運大橋頭站(2號出口),13:00,0,1
500103025,捷運大橋頭站(1A出口),13:00,0,1
500103028,捷運北門站(3號出口),13:00,1,0
500103030,永樂市場,13:00,1,0
500103033,圓山線形公園,13:00,1,0
500103039,聯合醫院中興院區,13:00,1,0
500103041,迪化休閒運動公園,13:00,1,0
500103042,大同運動中心,13:00,0,1
500103052,捷運民權西路站(3號出口),13:00,1,0
500103070,重慶北路三段205巷口,13:00,0,1
500103078,明倫高中,13:00,0,1
500103009,捷運圓山站(1號出口),13:30,0,4
500103023,大龍峒社會住宅,13:30,3,0
500103024,捷運大橋頭站(2號出口),13:30,3,0
500103025,捷運大橋頭站(1A出口),13:30,0,1
500103026,捷運民權西路站(2號出口),13:30,1,0
500103027,捷運雙連站(2號出口),13:30,0,1
500103033,圓山線形公園,13:30,1,0
500103043,重慶保安街口(家樂福重慶店),13:30,0,1
500103044,大稻埕碼頭,13:30,1,0
500103052,捷運民權西路站(3號出口),13:30,2,0
500103060,成淵高中,13:30,0,1
500103062,寧夏涼州街口,13:30,1,0
500103070,重慶北路三段205巷口,13:30,0,1
500103071,承德路二段91巷口,13:30,0,1
500103007,陳天來故居,14:00,1,0
500103009,捷運圓山站(1號出口),14:00,0,16
500103011,重慶國中,14:00,1,0
500103023,大龍峒社會住宅,14:00,0,3
500103024,捷運大橋頭站(2號出口),14:00,0,1
500103028,捷運北門站(3號出口),14:00,0,1
500103030,永樂市場,14:00,0,2
500103034,圓環站,14:00,1,0
500103039,聯合醫院中興院區,14:00,3,0
500103041,迪化休閒運動公園,14:00,0,1
500103044,大稻埕碼頭,14:00,0,1
500103047,承德民權路口,14:00,4,0
500103048,南京太原路口,14:00,2,0
500103051,臺北轉運站(華陰街),14:00,1,0
500103052,捷運民權西路站(3號出口),14:00,1,0
500103053,捷運中山站(5號出口),14:00,0,3
500103055,承德昌吉街口,14:00,0,1
500103066,南京西寧北路口(西北側),14:00,3,0
500103068,哈密街23巷19弄口,14:00,2,0
500103071,承德路二段91巷口,14:00,1,0
500103078,明倫高中,14:00,0,1
500103002,臺北市立圖書館大同分館,14:30,2,0
500103007,陳天來故居,14:30,1,0
500103009,捷運圓山站(1號出口),14:30,9,0
500103011,重慶國中,14:30,2,0
500103022,大龍老人住宅,14:30,1,0
500103023,大龍峒社會住宅,14:30,2,0
500103024,捷運大橋頭站(2號出口),14:30,0,1
500103027,捷運雙連站(2號出口),14:30,1,0
500103033,圓山線形公園,14:30,0,1
500103034,圓環站,14:30,0,1
500103036,承德路三段8巷口,14:30,0,2
500103037,太原廣場,14:30,0,1
500103047,承德民權路口,14:30,0,2
500103048,南京太原路口,14:30,0,1
500103051,臺北轉運站(華陰街),14:30,1,0
500103052,捷運民權西路站(3號出口),14:30,0,1
500103055,承德昌吉街口,14:30,2,0
500103058,樹德公園_1,14:30,1,0
500103062,寧夏涼州街口,14:30,0,1
500103066,南京西寧北路口(西北側),14:30,0,2
500103068,哈密街23巷19弄口,14:30,1,0
500103075,玉泉公園(鄭州路),14:30,2,0
500103076,玉泉公園(忠孝西路),14:30,1,0
500103078,明倫高中,14:30,3,0
500103007,陳天來故居,15:00,2,0
500103009,捷運圓山站(1號出口),15:00,1,0
500103011,重慶國中,15:00,1,0
500103023,大龍峒社會住宅,15:00,2,0
500103024,捷運大橋頭站(2號出口),15:00,0,1
500103033,圓山線形公園,15:00,0,1
500103036,承德路三段8巷口,15:00,0,1
500103048,南京太原路口,15:00,0,1
500103051,臺北轉運站(華陰街),15:00,0,1
500103053,捷運中山站(5號出口),15:00,0,1
500103060,成淵高中,15:00,0,1
500103066,南京西寧北路口(西北側),15:00,0,1
500103068,哈密街23巷19弄口,15:00,0,2
500103072,酒泉庫倫街口,15:00,1,0
500103078,明倫高中,15:00,1,0
500103002,臺北市立圖書館大同分館,15:30,0,1
500103009,捷運圓山站(1號出口),15:30,0,3
500103011,重慶國中,15:30,0,11
500103022,大龍老人住宅,15:30,0,1
500103023,大龍峒社會住宅,15:30,0,4
500103025,捷運大橋頭站(1A出口),15:30,5,0
500103026,捷運民權西路站(2號出口),15:30,0,2
500103027,捷運雙連站(2號出口),15:30,0,1
500103030,永樂市場,15:30,1,0
500103036,承德路三段8巷口,15:30,1,0
500103037,太原廣場,15:30,7,0
500103039,聯合醫院中興院區,15:30,0,1
500103048,南京太原路口,15:30,0,1
500103051,臺北轉運站(華陰街),15:30,0,2
500103052,捷運民權西路站(3號出口),15:30,0,4
500103053,捷運中山站(5號出口),15:30,0,1
500103055,承德昌吉街口,15:30,1,0
500103058,樹德公園_1,15:30,0,1
500103060,成淵高中,15:30,0,1
500103065,大龍市場,15:30,1,0
500103068,哈密街23巷19弄口,15:30,1,0
500103071,承德路二段91巷口,15:30,0,1
500103075,玉泉公園(鄭州路),15:30,0,2
500103076,玉泉公園(忠孝西路),15:30,0,1
500103078,明倫高中,15:30,0,2
500103002,臺北市立圖書館大同分館,16:00,0,1
500103006,樹德公園,16:00,1,0
500103009,捷運圓山站(1號出口),16:00,12,0
500103011,重慶國中,16:00,0,8
500103025,捷運大橋頭站(1A出口),16:00,0,3
500103026,捷運民權西路站(2號出口),16:00,0,1
500103027,捷運雙連站(2號出口),16:00,0,3
500103033,圓山線形公園,16:00,2,0
500103036,承德路三段8巷口,16:00,1,0
500103037,太原廣場,16:00,3,0
500103039,聯合醫院中興院區,16:00,0,2
500103042,大同運動中心,16:00,1,0
500103047,承德民權路口,16:00,0,2
500103049,承德民生西路口,16:00,0,1
500103050,太原五原路口,16:00,2,0
500103051,臺北轉運站(華陰街),16:00,0,1
500103052,捷運民權西路站(3號出口),16:00,0,2
500103053,捷運中山站(5號出口),16:00,0,1
500103065,大龍市場,16:00,2,0
500103068,哈密街23巷19弄口,16:00,0,1
500103071,承德路二段91巷口,16:00,0,2
500103075,玉泉公園(鄭州路),16:00,0,1
500103078,明倫高中,16:00,0,1
500103005,重慶酒泉街口,16:30,1,0
500103007,陳天來故居,16:30,0,2
500103008,臺北孔廟,16:30,1,0
500103009,捷運圓山站(1號出口),16:30,0,8
500103011,重慶國中,16:30,0,4
500103021,大稻埕公園,16:30,2,0
500103025,捷運大橋頭站(1A出口),16:30,0,1
500103027,捷運雙連站(2號出口),16:30,0,2
500103036,承德路三段8巷口,16:30,0,2
500103037,太原廣場,16:30,0,4
500103039,聯合醫院中興院區,16:30,0,1
500103044,大稻埕碼頭,16:30,1,0
500103047,承德民權路口,16:30,0,1
500103049,承德民生西路口,16:30,0,1
500103051,臺北轉運站(華陰街),16:30,2,0
500103052,捷運民權西路站(3號出口),16:30,0,1
500103054,重慶長安路口,16:30,1,0
500103055,承德昌吉街口,16:30,0,1
500103059,承德鄭州路口(市民高架下),16:30,1,0
500103065,大龍市場,16:30,0,2
500103068,哈密街23巷19弄口,16:30,0,1
500103072,酒泉庫倫街口,16:30,2,0
500103078,明倫高中,16:30,0,1
500103005,重慶酒泉街口,17:00,0,1
500103006,樹德公園,17:00,1,0
500103007,陳天來故居,17:00,2,0
500103009,捷運圓山站(1號出口),17:00,6,0
500103011,重慶國中,17:00,0,2
500103021,大稻埕公園,17:00,3,0
500103022,大龍老人住宅,17:00,1,0
500103023,大龍峒社會住宅,17:00,0,1
500103025,捷運大橋頭站(1A出口),17:00,0,1
500103027,捷運雙連站(2號出口),17:00,0,3
500103029,朝陽公園,17:00,1,0
500103030,永樂市場,17:00,2,0
500103033,圓山線形公園,17:00,0,1
500103034,圓環站,17:00,3,0
500103035,重慶民族路口,17:00,1,0
500103036,承德路三段8巷口,17:00,0,1
500103037,太原廣場,17:00,1,0
500103038,國順公園,17:00,1,0
500103039,聯合醫院中興院區,17:00,0,1
500103042,大同運動中心,17:00,0,2
500103044,大稻埕碼頭,17:00,8,0
500103047,承德民權路口,17:00,0,1
500103049,承德民生西路口,17:00,1,0
500103050,太原五原路口,17:00,1,0
500103051,臺北轉運站(華陰街),17:00,0,1
500103054,重慶長安路口,17:00,1,0
500103055,承德昌吉街口,17:00,0,1
500103059,承德鄭州路口(市民高架下),17:00,4,0
500103063,延平涼州街口,17:00,1,0
500103065,大龍市場,17:00,0,1
500103008,臺北孔廟,17:30,0,1
500103009,捷運圓山站(1號出口),17:30,0,6
500103011,重慶國中,17:30,0,1
500103012,重慶北路三段383巷口,17:30,1,0
500103013,台北數位產業園區,17:30,1,0
500103020,民權迪化街口,17:30,1,0
500103021,大稻埕公園,17:30,0,2
500103023,大龍峒社會住宅,17:30,1,0
500103027,捷運雙連站(2號出口),17:30,0,1
500103033,圓山線形公園,17:30,0,1
500103034,圓環站,17:30,0,2
500103035,重慶民族路口,17:30,0,1
500103036,承德路三段8巷口,17:30,0,1
500103038,國順公園,17:30,1,0
500103042,大同運動中心,17:30,0,1
500103049,承德民生西路口,17:30,2,0
500103050,太原五原路口,17:30,5,0
500103051,臺北轉運站(華陰街),17:30,0,1
500103054,重慶長安路口,17:30,0,1
500103055,承德昌吉街口,17:30,0,1
500103063,延平涼州街口,17:30,0,1
500103071,承德路二段91巷口,17:30,0,1
500103001,延平國宅,18:00,2,0
500103002,臺北市立圖書館大同分館,18:00,1,0
500103003,合昌宮,18:00,1,0
500103005,重慶酒泉街口,18:00,1,0
500103006,樹德公園,18:00,0,1
500103007,陳天來故居,18:00,0,2
500103008,臺北孔廟,18:00,1,0
500103009,捷運圓山站(1號出口),18:00,0,1
500103011,重慶國中,18:00,1,0
500103013,台北數位產業園區,18:00,3,0
500103023,大龍峒社會住宅,18:00,1,0
500103024,捷運大橋頭站(2號出口),18:00,1,0
500103027,捷運雙連站(2號出口),18:00,0,1
500103029,朝陽公園,18:00,1,0
500103030,永樂市場,18:00,0,6
500103033,圓山線形公園,18:00,2,0
500103034,圓環站,18:00,1,0
500103043,重慶保安街口(家樂福重慶店),18:00,2,0
500103044,大稻埕碼頭,18:00,0,5
500103048,南京太原路口,18:00,1,0
500103050,太原五原路口,18:00,0,1
500103051,臺北轉運站(華陰街),18:00,3,0
500103053,捷運中山站(5號出口),18:00,1,0
500103054,重慶長安路口,18:00,0,1
500103059,承德鄭州路口(市民高架下),18:00,2,0
500103071,承德路二段91巷口,18:00,0,1
500103072,酒泉庫倫街口,18:00,1,0
500103001,延平國宅,18:30,0,1
500103002,臺北市立圖書館大同分館,18:30,4,0
500103003,合昌宮,18:30,0,1
500103005,重慶酒泉街口,18:30,1,0
500103007,陳天來故居,18:30,0,1
500103009,捷運圓山站(1號出口),18:30,0,7
500103020,民權迪化街口,18:30,5,0
500103021,大稻埕公園,18:30,0,2
500103022,大龍老人住宅,18:30,0,1
500103023,大龍峒社會住宅,18:30,0,2
500103024,捷運大橋頭站(2號出口),18:30,1,0
500103029,朝陽公園,18:30,0,1
500103030,永樂市場,18:30,0,3
500103034,圓環站,18:30,1,0
500103037,太原廣場,18:30,0,3
500103038,國順公園,18:30,0,1
500103040,蔣渭水紀念公園,18:30,2,0
500103042,大同運動中心,18:30,2,0
500103043,重慶保安街口(家樂福重慶店),18:30,2,0
500103048,南京太原路口,18:30,1,0
500103049,承德民生西路口,18:30,4,0
500103050,太原五原路口,18:30,3,0
500103051,臺北轉運站(華陰街),18:30,0,1
500103053,捷運中山站(5號出口),18:30,0,1
500103056,大同16號廣場,18:30,1,0
500103059,承德鄭州路口(市民高架下),18:30,0,1
500103069,民權西路160巷口,18:30,2,0
500103072,酒泉庫倫街口,18:30,0,1
500103001,延平國宅,19:00,0,1
500103006,樹德公園,19:00,0,1
500103007,陳天來故居,19:00,0,1
500103008,臺北孔廟,19:00,5,0
500103009,捷運圓山站(1號出口),19:00,0,10
500103012,重慶北路三段383巷口,19:00,1,0
500103013,台北數位產業園區,19:00,1,0
500103020,民權迪化街口,19:00,4,0
500103021,大稻埕公園,19:00,0,1
500103023,大龍峒社會住宅,19:00,1,0
500103024,捷運大橋頭站(2號出口),19:00,3,0
500103029,朝陽公園,19:00,0,1
500103030,永樂市場,19:00,0,1
500103033,圓山線形公園,19:00,0,1
500103034,圓環站,19:00,0,2
500103035,重慶民族路口,19:00,1,0
500103037,太原廣場,19:00,0,3
500103038,國順公園,19:00,0,1
500103040,蔣渭水紀念公園,19:00,2,0
500103042,大同運動中心,19:00,3,0
500103044,大稻埕碼頭,19:00,5,0
500103045,歸綏戲曲公園,19:00,1,0
500103048,南京太原路口,19:00,1,0
500103049,承德民生西路口,19:00,0,3
500103050,太原五原路口,19:00,0,4
500103052,捷運民權西路站(3號出口),19:00,1,0
500103063,延平涼州街口,19:00,1,0
500103071,承德路二段91巷口,19:00,2,0
500103072,酒泉庫倫街口,19:00,0,2
500103001,延平國宅,19:30,2,0
500103002,臺北市立圖書館大同分館,19:30,0,1
500103003,合昌宮,19:30,1,0
500103008,臺北孔廟,19:30,2,0
500103009,捷運圓山站(1號出口),19:30,3,0
500103011,重慶國中,19:30,0,1
500103013,台北數位產業園區,19:30,0,1
500103020,民權迪化街口,19:30,0,1
500103024,捷運大橋頭站(2號出口),19:30,0,3
500103028,捷運北門站(3號出口),19:30,3,0
500103029,朝陽公園,19:30,1,0
500103030,永樂市場,19:30,0,1
500103031,大龍公園,19:30,2,0
500103033,圓山線形公園,19:30,1,0
500103034,圓環站,19:30,1,0
500103035,重慶民族路口,19:30,0,1
500103038,國順公園,19:30,4,0
500103040,蔣渭水紀念公園,19:30,3,0
500103042,大同運動中心,19:30,0,1
500103044,大稻埕碼頭,19:30,7,0
500103045,歸綏戲曲公園,19:30,5,0
500103048,南京太原路口,19:30,3,0
500103049,承德民生西路口,19:30,0,2
500103050,太原五原路口,19:30,2,0
500103052,捷運民權西路站(3號出口),19:30,0,1
500103054,重慶長安路口,19:30,2,0
500103056,大同16號廣場,19:30,1,0
500103062,寧夏涼州街口,19:30,2,0
500103064,大同行政中心,19:30,1,0
500103068,哈密街23巷19弄口,19:30,1,0
500103071,承德路二段91巷口,19:30,0,1
500103001,延平國宅,20:00,0,1
500103002,臺北市立圖書館大同分館,20:00,0,2
500103003,合昌宮,20:00,0,1
500103005,重慶酒泉街口,20:00,0,1
500103008,臺北孔廟,20:00,0,4
500103009,捷運圓山站(1號出口),20:00,0,7
500103010,酒泉延平路口,20:00,4,0
500103013,台北數位產業園區,20:00,0,1
500103020,民權迪化街口,20:00,0,5
500103021,大稻埕公園,20:00,2,0
500103023,大龍峒社會住宅,20:00,0,2
500103024,捷運大橋頭站(2號出口),20:00,3,0
500103028,捷運北門站(3號出口),20:00,6,0
500103029,朝陽公園,20:00,1,0
500103033,圓山線形公園,20:00,3,0
500103034,圓環站,20:00,0,1
500103037,太原廣場,20:00,0,1
500103038,國順公園,20:00,0,2
500103042,大同運動中心,20:00,0,1
500103043,重慶保安街口(家樂福重慶店),20:00,0,2
500103044,大稻埕碼頭,20:00,0,4
500103045,歸綏戲曲公園,20:00,0,3
500103047,承德民權路口,20:00,3,0
500103048,南京太原路口,20:00,0,3
500103049,承德民生西路口,20:00,0,1
500103050,太原五原路口,20:00,0,4
500103051,臺北轉運站(華陰街),20:00,0,1
500103054,重慶長安路口,20:00,0,1
500103056,大同16號廣場,20:00,0,1
500103059,承德鄭州路口(市民高架下),20:00,1,0
500103063,延平涼州街口,20:00,1,0
500103064,大同行政中心,20:00,0,1
500103066,南京西寧北路口(西北側),20:00,2,0
500103069,民權西路160巷口,20:00,0,1
500103072,酒泉庫倫街口,20:00,1,0
500103073,民族西大龍街口,20:00,1,0
500103074,承德路三段324巷口,20:00,3,0
500103001,延平國宅,20:30,0,1
500103002,臺北市立圖書館大同分館,20:30,0,1
500103003,合昌宮,20:30,2,0
500103005,重慶酒泉街口,20:30,4,0
500103009,捷運圓山站(1號出口),20:30,0,3
500103010,酒泉延平路口,20:30,0,2
500103012,重慶北路三段383巷口,20:30,2,0
500103013,台北數位產業園區,20:30,3,0
500103019,民權延平路口(西北側),20:30,3,0
500103020,民權迪化街口,20:30,6,0
500103021,大稻埕公園,20:30,1,0
500103023,大龍峒社會住宅,20:30,1,0
500103024,捷運大橋頭站(2號出口),20:30,0,3
500103028,捷運北門站(3號出口),20:30,0,5
500103029,朝陽公園,20:30,0,1
500103033,圓山線形公園,20:30,0,3
500103038,國順公園,20:30,3,0
500103040,蔣渭水紀念公園,20:30,1,0
500103042,大同運動中心,20:30,0,2
500103043,重慶保安街口(家樂福重慶店),20:30,0,1
500103044,大稻埕碼頭,20:30,0,6
500103045,歸綏戲曲公園,20:30,1,0
500103047,承德民權路口,20:30,0,2
500103049,承德民生西路口,20:30,0,1
500103050,太原五原路口,20:30,2,0
500103054,重慶長安路口,20:30,3,0
500103056,大同16號廣場,20:30,1,0
500103058,樹德公園_1,20:30,2,0
500103059,承德鄭州路口(市民高架下),20:30,0,4
500103061,雙蓮國小,20:30,2,0
500103062,寧夏涼州街口,20:30,0,1
500103065,大龍市場,20:30,1,0
500103066,南京西寧北路口(西北側),20:30,1,0
500103068,哈密街23巷19弄口,20:30,4,0
500103069,民權西路160巷口,20:30,2,0
500103070,重慶北路三段205巷口,20:30,1,0
500103071,承德路二段91巷口,20:30,0,1
500103072,酒泉庫倫街口,20:30,0,1
500103073,民族西大龍街口,20:30,1,0
500103074,承德路三段324巷口,20:30,0,1
500103001,延平國宅,21:00,1,0
500103003,合昌宮,21:00,0,1
500103005,重慶酒泉街口,21:00,0,3
500103007,陳天來故居,21:00,1,0
500103010,酒泉延平路口,21:00,2,0
500103012,重慶北路三段383巷口,21:00,1,0
500103013,台北數位產業園區,21:00,0,3
500103020,民權迪化街口,21:00,0,1
500103021,大稻埕公園,21:00,5,0
500103023,大龍峒社會住宅,21:00,0,1
500103024,捷運大橋頭站(2號出口),21:00,0,1
500103028,捷運北門站(3號出口),21:00,0,2
500103031,大龍公園,21:00,1,0
500103037,太原廣場,21:00,0,1
500103038,國順公園,21:00,0,3
500103040,蔣渭水紀念公園,21:00,0,1
500103042,大同運動中心,21:00,0,1
500103043,重慶保安街口(家樂福重慶店),21:00,0,1
500103044,大稻埕碼頭,21:00,0,3
500103048,南京太原路口,21:00,0,2
500103050,太原五原路口,21:00,0,3
500103054,重慶長安路口,21:00,0,2
500103056,大同16號廣場,21:00,0,1
500103058,樹德公園_1,21:00,0,1
500103062,寧夏涼州街口,21:00,2,0
500103063,延平涼州街口,21:00,1,0
500103064,大同行政中心,21:00,1,0
500103065,大龍市場,21:00,0,1
500103066,南京西寧北路口(西北側),21:00,0,1
500103068,哈密街23巷19弄口,21:00,0,1
500103070,重慶北路三段205巷口,21:00,1,0
500103072,酒泉庫倫街口,21:00,1,0
500103073,民族西大龍街口,21:00,1,0
500103001,延平國宅,21:30,1,0
500103003,合昌宮,21:30,0,1
500103008,臺北孔廟,21:30,0,2
500103009,捷運圓山站(1號出口),21:30,0,2
500103010,酒泉延平路口,21:30,2,0
500103012,重慶北路三段383巷口,21:30,0,2
500103019,民權延平路口(西北側),21:30,0,2
500103020,民權迪化街口,21:30,1,0
500103023,大龍峒社會住宅,21:30,0,1
500103024,捷運大橋頭站(2號出口),21:30,0,1
500103025,捷運大橋頭站(1A出口),21:30,1,0
500103031,大龍公園,21:30,2,0
500103033,圓山線形公園,21:30,0,1
500103034,圓環站,21:30,1,0
500103038,國順公園,21:30,1,0
500103042,大同運動中心,21:30,0,1
500103044,大稻埕碼頭,21:30,0,1
500103045,歸綏戲曲公園,21:30,0,2
500103046,民權國中(民權西路),21:30,1,0
500103047,承德民權路口,21:30,0,1
500103048,南京太原路口,21:30,0,1
500103050,太原五原路口,21:30,1,0
500103051,臺北轉運站(華陰街),21:30,0,1
500103054,重慶長安路口,21:30,0,1
500103059,承德鄭州路口(市民高架下),21:30,0,2
500103062,寧夏涼州街口,21:30,0,1
500103063,延平涼州街口,21:30,0,2
500103065,大龍市場,21:30,2,0
500103069,民權西路160巷口,21:30,0,1
500103070,重慶北路三段205巷口,21:30,1,0
500103074,承德路三段324巷口,21:30,1,0
500103001,延平國宅,22:00,6,0
500103003,合昌宮,22:00,1,0
500103005,重慶酒泉街口,22:00,2,0
500103006,樹德公園,22:00,2,0
500103008,臺北孔廟,22:00,2,0
500103009,捷運圓山站(1號出口),22:00,0,1
500103010,酒泉延平路口,22:00,2,0
500103012,重慶北路三段383巷口,22:00,1,0
500103013,台北數位產業園區,22:00,0,1
500103020,民權迪化街口,22:00,3,0
500103021,大稻埕公園,22:00,2,0
500103022,大龍老人住宅,22:00,1,0
500103025,捷運大橋頭站(1A出口),22:00,0,1
500103030,永樂市場,22:00,1,0
500103031,大龍公園,22:00,1,0
500103033,圓山線形公園,22:00,0,1
500103035,重慶民族路口,22:00,5,0
500103038,國順公園,22:00,1,0
500103040,蔣渭水紀念公園,22:00,1,0
500103044,大稻埕碼頭,22:00,0,1
500103045,歸綏戲曲公園,22:00,2,0
500103056,大同16號廣場,22:00,1,0
500103058,樹德公園_1,22:00,1,0
500103059,承德鄭州路口(市民高架下),22:00,0,1
500103062,寧夏涼州街口,22:00,2,0
500103064,大同行政中心,22:00,3,0
500103065,大龍市場,22:00,2,0
500103066,南京西寧北路口(西北側),22:00,2,0
500103068,哈密街23巷19弄口,22:00,3,0
500103069,民權西路160巷口,22:00,0,1
500103070,重慶北路三段205巷口,22:00,2,0
500103072,酒泉庫倫街口,22:00,0,1
500103073,民族西大龍街口,22:00,3,0
500103074,承德路三段324巷口,22:00,1,0
500103001,延平國宅,22:30,2,0
500103002,臺北市立圖書館大同分館,22:30,0,1
500103005,重慶酒泉街口,22:30,1,0
500103007,陳天來故居,22:30,1,0
500103008,臺北孔廟,22:30,1,0
500103010,酒泉延平路口,22:30,2,0
500103019,民權延平路口(西北側),22:30,1,0
500103020,民權迪化街口,22:30,1,0
500103021,大稻埕公園,22:30,0,1
500103030,永樂市場,22:30,0,1
500103034,圓環站,22:30,3,0
500103039,聯合醫院中興院區,22:30,2,0
500103043,重慶保安街口(家樂福重慶店),22:30,3,0
500103056,大同16號廣場,22:30,1,0
500103058,樹德公園_1,22:30,3,0
500103061,雙蓮國小,22:30,1,0
500103063,延平涼州街口,22:30,1,0
500103066,南京西寧北路口(西北側),22:30,1,0
500103069,民權西路160巷口,22:30,0,1
500103072,酒泉庫倫街口,22:30,0,1
500103073,民族西大龍街口,22:30,1,0
500103021,大稻埕公園,23:00,0,1
500103025,捷運大橋頭站(1A出口),23:00,4,0
500103028,捷運北門站(3號出口),23:00,1,0
500103029,朝陽公園,23:00,0,1
500103030,永樂市場,23:00,2,0
500103032,重慶涼州街口,23:00,1,0
500103034,圓環站,23:00,0,1
500103039,聯合醫院中興院區,23:00,4,0
500103044,大稻埕碼頭,23:00,0,1
500103045,歸綏戲曲公園,23:00,0,1
500103047,承德民權路口,23:00,2,0
500103050,太原五原路口,23:00,0,2
500103054,重慶長安路口,23:00,0,1
500103058,樹德公園_1,23:00,2,0
500103062,寧夏涼州街口,23:00,0,1
500103065,大龍市場,23:00,0,2
500103073,民族西大龍街口,23:00,0,2
500103078,明倫高中,23:00,2,0
500103002,臺北市立圖書館大同分館,23:30,2,0
500103006,樹德公園,23:30,1,0
500103007,陳天來故居,23:30,1,0
500103008,臺北孔廟,23:30,2,0
500103011,重慶國中,23:30,3,0
500103013,台北數位產業園區,23:30,0,1
500103020,民權迪化街口,23:30,1,0
500103021,大稻埕公園,23:30,1,0
500103022,大龍老人住宅,23:30,1,0
500103024,捷運大橋頭站(2號出口),23:30,3,0
500103028,捷運北門站(3號出口),23:30,0,2
500103031,大龍公園,23:30,1,0
500103034,圓環站,23:30,0,2
500103039,聯合醫院中興院區,23:30,0,3
500103040,蔣渭水紀念公園,23:30,1,0
500103045,歸綏戲曲公園,23:30,2,0
500103047,承德民權路口,23:30,0,1
500103061,雙蓮國小,23:30,1,0
500103062,寧夏涼州街口,23:30,1,0
500103064,大同行政中心,23:30,1,0
500103068,哈密街23巷19弄口,23:30,1,0
500103070,重慶北路三段205巷口,23:30,1,0
500103073,民族西大龍街口,23:30,1,0
